Key,English,ChineseSimplified,ChineseTraditional,German,Portuguese,French,Spanish,Russian
'Acceleration of bird growth: high','Acceleration of bird growth: high',鸟的成长速度加成：高,,,,,,
'Acceleration of bird growth: low','Acceleration of bird growth: low',鸟的成长速度加成：低,,,,,,
'Acceleration of bird growth: medium','Acceleration of bird growth: medium',鸟的成长速度加成：中,,,,,,
'Cursor skin equipped:','Cursor skin equipped:',已装备鼠标皮肤：,已裝備鼠標皮膚：,커서 스킨 장착:,"""\u041A\u0443\u0440\u0441\u043E\u0440\u0441\u043A\u0430\u044F \u043A\u043E\u0436\u0430",Le peau du curseur équipée :,'Piel del cursor equipada:',カーソルスキン装備済み
'Earned Coin:','Earned Coin:',赚取金币：,,,,,,
'Food skin equipped:','Food skin equipped:',已装备食物皮肤：,已裝備食物皮膚：,식부장 장착,"""\u041F\u0438\u0449\u0435\u0432\u0430\u044F \u043A\u043E\u0436\u0430",Pamulement alimentaire équipé :,'Piel de comida equipada:',食材付加済み
'Purchase successful! Cursor skins are equipped:','Purchase successful! Cursor skins are equipped:',购买成功！鼠标皮肤已装备：,購買成功！鼠標皮膚已裝備：,구매 성공! 커서 스킨이 장착되었습니다.,"""\u0423\u0441\u043F\u0435\u0448\u043D\u0430\u044F \u043F\u043E\u043A\u0443\u043F\u043A\u0430!","""L'achat a \xE9t\xE9 couronn\xE9 de succ\xE8s ! Les peaux de curseur",¡El pago es exitoso! Los pieles de cursor están equipados.,購入成功！カーソルスキンが装備されました。
'Purchase successful! Food skins are equipped:','Purchase successful! Food skins are equipped:',购买成功！食品皮肤已装备：,購買成功！食物皮膚已裝備：,구매 성공! 음식피는 장비되었습니다.,"""\u0423\u0441\u043F\u0435\u0448\u043D\u0430\u044F \u043F\u043E\u043A\u0443\u043F\u043A\u0430!",L'achat a réussi ! Les peaux alimentaires sont équipées :,¡Completado con éxito! Las piel de comida están equipadas.,成功購入！食材スキンが装備されました。
'Sale Price:','Rewards:',奖励：,售價：,사용가액:,Прейс-Цена:,'Prix de vente :','Precio de venta:',商価：
AddDiary,Create a diary,创建一本日记,,,,,,
Adult,Adult,成年,,,,,,
African ostrich,,非洲鸵鸟,,,,,,
Afternoon Timer,Afternoon Timer,午后番茄钟,,,,,,
Afternoon Timer Desc,A timer in warm afternoon tones,午后暖光的番茄钟,,,,,,
Albatross,Albatross,信天翁,,,,,,
Albatross Desc,"A gentle ocean glider with wide wings, soaring endlessly above the sea,",在海上滑翔的大鸟，展开宽大翅膀，自由又平静，随着海风飞向远方。,,,,,,
Alpine Accentor,Alpine Accentor,领岩鹨,,,,,,
Alpine Accentor Desc,"""Snow Finch A small passerine of high alpine and Arctic zones, hopping",生活在高山与极地岩石间的小鸟，常在缝隙中筑巢，能在严寒中繁殖，是真正适应极端环境的留鸟。,,,,,,
Ancient Beast Bones,Lost Bone,遗落兽骨,,,,,,
Ancient Beast Bones Desc,Ancient bones left in the mountains,山中遗留的古老兽骨,,,,,,
Ancient Bones,Ancient Bones,遗落兽骨,,,,,,
Ancient Bones Desc,Ancient bones left in the mountains,山中遗留的古老兽骨,,,,,,
ArabianBustard,Arabian Bustard,阿拉伯鹭鸨,,,,,,
Arctic Tern,Arctic Tern,北极燕鸥,,,,,,
Arctic Tern Desc,"""The world's longest migrant, flying from the Arctic to the Antarctic",世界上迁徙距离最长的鸟，每年往返南北极，单程超过3.5万公里，一生都在追逐夏天的光。,,,,,,
Are you sure you want to delete this save file?,Are you sure you want to delete this save file?,是否确定删除存档文件?,,,,,,
AutoFeeding,Turn Off Auto Feeding,手动喂食,,,,,,
BIRDBOOKKEY,'Book (B),书 (B),書,사서,Книга,Le livre,Libro,《ブック》
BOOK,BOOK,日记,日記,책,КНИГА,LIVRE,LIBRO,ブック
BOOKKEY,Birdbook (B),图鉴 (B),書籍,도감,Книга,Le livre,Libro,ブック
Backpack,Backpack,背包,背包,백팩,Рюкзак,Sac à dos,Moquera,バックパック
Beach Crab,Beach Crab,螃蟹,,,,,,
Beach Crab Desc,A crab wandering on sandy shore,海边沙地的小居民,,,,,,
Bean,Bean,豆子,,,,,,
BeanKey,"'Soft, round beans full of flavor and goodness. Acceleration of bird",圆润柔软的豆子，营养丰富又可口。,,,,,,
Bear,Bear,熊,,,,,,
Bearded Vulture,,胡兀鹫,,,,,,
Bearded Vulture Description,"A rugged mountain scavenger with a wise gaze. It thrives on cliffs, turning",山中奇鸟，火红双眼与长羽须。会将骨高空抛落击碎取髓，象征智慧、生存与古老之美。 ,,,,,,
Bee,Insect,昆虫,,,,,,
Bering Cormorant,Bering Cormorant,白令鸬鹚,,,,,,
Bering Cormorant Desc,"'A colonial seabird of the North Pacific, diving deep with powerful webbed",北太平洋的潜水海鸟，用有力的蹼足追鱼，但羽毛不防水，上岸后必须张翅晾干，是常见的海边奇景。,,,,,,
Bird,Bird,鸟,,,,,,
Bird Nest Tent,Cozy Tent,惬意帐篷,,,,,,
Bird Nest Tent Desc,A tent where new birds are born,新鸟诞生的小小帐篷,,,,,,
Bird Vloume,Bird Vloume,鸟音量,,,,,,
Bird of Paradise,Bird of Paradise,花魁鸟,,,,,,
Bird of Paradise Desc,"A dazzling performer by the shore, spreading colorful feathers like flowing",在海边舞动的华丽小鸟，羽毛如海浪般展开，优雅表演，仿佛随海风轻轻起舞。,,,,,,
BirdBook,BirdBook,图鉴,,,,,,
Black Grouse,,黑琴鸡,,,,,,
Black GrouseDescription,"A bold dancer of the wild. It fans its tail, stomps proudly, and sings",以雄鸟的求偶舞闻名，展开琴形尾羽高声鸣叫。生活在林缘与荒原，展现北地野性的律动。 ,,,,,,
Blue-footed Booby,Blue-footed Booby,蓝脚鲣鸟,,,,,,
Blue-footed Booby Desc,"A funny seaside dancer with bright blue feet, proudly stepping and wobbling,",拥有蓝色小脚的海边舞者，步伐摇摆又自信，每一步都像开心的表演。,,,,,,
Breaks,Rest,休息,休息時間,휴식기간의 지속도,"""\u041F\u0440\u043E\u0434\u043E\u043B\u0436\u0438\u0442\u0435\u043B\u044C\u043D\u043E\u0441\u0442\u044C",Durée des pauses,Duración de las pausas,休憩の期間
Breezy Kite,Windy Kite,飘飘风筝,,,,,,
Breezy KiteDescription,The mountain wind is strong.,高山上的风也太大了。,,,,,,
Brown-necked Raven,,褐颈渡鸦,,,,,,
Brown-necked RavenDescription,"A bold, intelligent bird with glossy black feathers and a brown collar.",黑亮羽毛、颈带棕色，聪明大胆，能解谜、会嬉戏。能在极端环境中生存，是沙漠天空的智者与顽童。 ,,,,,,
Brown_necked Raven,Brown-necked Raven,褐颈渡鸦,,,,,,
Budgerigar,Budgerigar,虎皮鹦鹉,虎皮鸚鵡,,,,,
Bug,Bug,虫鸣,,,,,,
Buy,Buy,购买,購買,구매해,Купить,Acheter,Comprar,買い
Buy 1?,Purchase?,购买？,,,,,,
Cancel,Cancel,取消,,,,,,
Capacity,Capacity,容量,,,,,,
Capacity Upgrade,Capacity Upgrade,栖息地容量升级,,,,,,
CardinalDescription,"Males blaze bright red like little flames, while females are gentle and",雄鸟一身红彤彤，像跳动的火苗；雌鸟则温柔优雅。它们的歌声就像小小的森林情歌。,雄鳥一身紅通通，像跳動的火苗；雌鳥則溫柔優雅。牠們的歌聲就像小小的森林情歌。,,,,,
CardinalHabitat,"""Loves living along forest edges and in parks across North America\u2014wherever",喜欢住在北美的森林边和公园里，有树有水的地方就是它们的乐园。,喜歡住在北美的森林邊和公園裡，有樹有水的地方就是牠們的樂園。,,,,,
Carpet,Fluffy Blanket,毛绒毯,,,,,,
CarpetDescription,Birds are ready for a picnic.,小鸟们要在这里野餐了。,,,,,,
Childhood,Baby,幼年,,,,,,
ChineseSimplified,Chinese,中文,簡體中文,Vereinfachtes Chinesisch,Chinês Simplificado,Chine simplifiée,Chinos,Cinese semplificato
ChineseTraditional,ChineseTraditional,繁体中文,繁體中文,Chinesisch Traditionell,Chinês Tradicional,Chinois traditionnel,Chinos Tradicionales,Cinese Tradizionale
Chough,Chough,乌鸦,,,,,,
Cinnamon-breasted Bunting,,栗胸鹀,,,,,,
Cinnamon-breasted BuntingDescription,'A small desert songbird with warm brown tones and fine spots. It thrives,小型沙漠鸣鸟，棕色羽毛带细斑点，清晨轻唱于岩石与灌木间。坚韧优雅，象征荒原中的生命顽强。,,,,,,
Classic Book,Classic Book,原色图鉴,,,,,,
Classic Book Desc,A bird book in classic style,经典风格鸟类图鉴,,,,,,
Classic Notebook,Classic Notebook,原色记事本,,,,,,
Classic Notebook Desc,A notebook in classic colors,经典配色记事本,,,,,,
Classic Radio,Classic Radio,原色收音机,,,,,,
Classic Radio Desc,A radio in a classic style,经典配色的收音机,,,,,,
Classic Timer,Classic Timer,原色番茄钟,,,,,,
Classic Timer Desc,A timer in classic colors,经典配色番茄钟,,,,,,
Clean Mode,Clean Mode (C),简洁模式 (C),,,,,,
Clear,Clear,清除,,,,,,
Close,Close,关闭,關閉,닫기,Закрытый,Ferme,Cerca,閉じる
Cloud Notebook,Cloud Notebook,云朵记事本,,,,,,
Cloud Notebook Desc,A notebook in soft cloud colors,像云朵般轻柔配色,,,,,,
Coastal Flower,Coastal Flower,海边小花,,,,,,
Coastal Flower Desc,A small flower by the sea,海风吹拂的小花,,,,,,
Coastal Grass,Coastal Grass,可爱小草,,,,,,
Coastal Grass Desc,A small grass swaying in sea wind,海风中摇摆的小草,,,,,,
Cockatiel,Cockatiel,玄凤鹦鹉,玄鳳鸚鵡,,,,,
Cockatoo,Cockatoo,凤头鹦鹉,鳳頭鸚鵡,,,,,
CockatooDescription,"""Always wearing a feathery little hat, clever and a bit mischievous.",永远戴着一顶羽毛小帽子，聪明又调皮。寿命超长，就像一位会一直守在身边的老朋友。,永遠戴著一頂羽毛小帽子，聰明又調皮。壽命超長，就像一位會一直守在身邊的老朋友。,,,,,
CockatooHabitat,"""Found everywhere from rainforests to city parks\u2014an adaptable little",从雨林到城市公园都能见到，超级会适应环境的“小机灵鬼”。,從雨林到城市公園都能見到，超級會適應環境的「小機靈鬼」。,,,,,
Coins per minute,Coins per minute,每分钟金币收益,,,,,,
Common,Common,常见,常見,보통,Общий,Commun,Común,ふつうの
Confirm,Confirm,确认,,,,,,
Cormorant,Cormorant,鸬鹚,,,,,,
Cormorant Desc,"A sleek water bird diving swiftly beneath the surface, then resting quietly",会潜水的小鸟，钻进水里找鱼，停下时张开翅膀，像安静的小渔夫。,,,,,,
Cozy Tent,Cozy Tent,咕咕帐篷,,,,,,
Cozy Tent Desc,A tent where new birds are born,新鸟诞生的小小帐篷,,,,,,
Cozy TentDescription,'Baby birds are born here. ',小鸟会在这里慢慢出生。,,,,,,
Crab,Crab,螃蟹,,,,,,
Crab Desc,A crab wandering on sandy shore,海边沙地的小居民,,,,,,
Cream Notebook,Cream Notebook,奶油记事本,,,,,,
Cream Notebook Desc,A notebook with creamy tones,温柔奶油色记事本,,,,,,
Cream Radio,Cream Radio,奶油收音机,,,,,,
Cream Radio Desc,A radio in soft cream tones,柔和奶油色调收音机,,,,,,
Cream Timer,Cream Timer,奶油番茄钟,,,,,,
Cream Timer Desc,A timer with soft cream tones,柔和奶油色番茄钟,,,,,,
Current bird capacity,Current bird capacity,当前鸟的容量,,,,,,
Cursor,Cursor,鼠标,鼠标,커서,Курсор,Le curseur,Puntero,カーソル
Cursor1,Classic Cursor,原色鼠标,,,,,,
Cursor1Dec,A familiar little hand gently clicking through the forest.,一只熟悉的小手，陪你在森林里轻轻点击。,,,,,,
Cursor2,Sunshine Cursor,暖阳鼠标,,,,,,
Cursor2Dec,"A warm little hand like sunshine, lighting up wherever it clicks.",像阳光一样温暖的小手，点到哪里都亮起来。,,,,,,
Cursor3,Lavender Cursor,薰衣草鼠标,,,,,,
Cursor3Dec,A soft lavender hand quietly turning the pages of the forest.,淡紫色的小手，安静地陪你翻开森林的每一页。,,,,,,
Cursor4,Blush Cursor,樱粉鼠标,,,,,,
Cursor4Dec,A shy little hand gently poking around the forest.,一只害羞的小手，在森林里轻轻戳一下。,,,,,,
Cute Frog,Cute Frog,可爱青蛙,,,,,,
Cute Frog Desc,A frog living in the marsh,湿地里生活的小青蛙,,,,,,
Dandelion,Dandelion,蒲公英,,,,,,
Dandelion Desc,A dandelion drifting across the fields,田野飘着白绒的小花,,,,,,
Decoration,Decor,装饰,裝飾,장식,Украшение,La décoration.,Decoración,装飾
Decorations can only be placed on the ground!,Decorations can only be placed on the ground!,装饰物只能放在地面上！,裝飾物只能置於地面上！,장식은 땅에만 설치할 수 있습니다!,"""\u0423\u043A\u0440\u0430\u0448\u0435\u043D\u0438\u044F \u043C\u043E\u0433\u0443\u0442",Les décorations peuvent uniquement être placées au sol !,Las decoraciones solo pueden colocarse en el suelo.,土地にしか装飾物を置けません！
Delete,Delete,删除,刪除,삭제,Удалить,Effacer,Eliminar,デリート
Delete Save,Delete Save,删除存档,刪除檔案,삭제 저장,Удалить Сохранить,Supprimer Enregistrer,Eliminar Guardar,デリート・セーブ
Description,'About:',描述：,描述,설명,Описание,La description,Descripción,きじゅつ
Desert Beetle,Desert Beetle,甲虫,,,,,,
Desert Beetle Desc,A beetle crawling across the sand,沙地爬行的小甲虫,,,,,,
Desert Finch,,沙雀,,,,,,
Desert FinchDescription,"A gentle finch with peach-pink feathers and a soft, pleasant call. It",温柔的小雀，粉桃色羽毛、清亮的鸣声。结群穿梭在干枯灌木间，于荒漠中寻得朴素之美。 ,,,,,,
Desert Pink Flower,Pink Flower,粉色小花,,,,,,
Desert Pink Flower Desc,A small flower growing in desert sand,沙地中顽强的小花,,,,,,
Desert Succulent,Desert Succulent,小多肉,,,,,,
Desert Succulent Desc,A small succulent growing in sand,沙地里可爱的多肉,,,,,,
Dessert,Desert,沙漠,,,,,,
DevelopingMap,The habitat is being developed.,栖息地正在开发。,棲息地正在開發。,,,,,
Diary,Diary,日记,日記,일지,Дневник,Journal,Diario,日記
Dodo,Dodo,渡渡鸟,渡渡鳥,,,,,
DodoDescription,"""A chubby, round bird that couldn\u2019t fly but waddled in the cutest",圆滚滚的大鸟，虽然不会飞，但走起路来憨态可掬。现在已经灭绝。,圓滾滾的大鳥，雖然不會飛，但走起路來憨態可掬。現在已經滅絕。,"""\uB3C4\uB3C4\uB294 \uBAA8\uB9AC\uC154\uC2A4\uC758 \uC6D0\uC8FC\uBBFC\uC73C\uB85C,","""\u0414\u043E\u0434\u043E \u0431\u044B\u043B\u0430 \u0431\u043E\u043B\u044C\u0448\u0438\u043C,","""Le dindon \xE9tait un grand oiseau sans vol natif de Maurice. \xC9teint","""El pavo real era un gran p\xE1jaro sin alas nativo de Mauricio. Extinto",ドードーは、モーリツィウス島原産の巨大な、飛ぶことができない鳥です。17世紀に絶滅したため、人間が引き起こした滅びと脆弱な生態系を象徵しています。
DodoHabitat,"""The dodo lived in the forests of Mauritius, a tropical island in the",曾经住在毛里求斯岛的森林里，最喜欢吃掉在地上的水果。,曾經住在模里西斯島的森林裡，最喜歡吃掉在地上的水果。,"""\uB3C4\uB3C4\uC758 \uC11C\uC2DD\uC9C0\uB294 \uB9F9\uAE00\uC758 \uD574\uC548","""\u0414\u043E\u0434\u043E \u043E\u0431\u0438\u0442\u0430\u043B \u0432","""Les dodos habitaient les for\xEAts c\xF4ti\xE8res et les bois bassements","""Los d\xFAd\xF3s habitaban los bosques costeros y los bosques de llanura",ドодоたちはモーリシャスの沿岸森林と低地林に住み、果実、種子、および根を食べていた。彼らの孤島環境は、彼らのuniqueな進化を形成した。
Dove,Turtle dove,斑鸠,,,,,,
Dried Flower,Dried Flower,干花,,,,,,
Dried Flower Desc,A flower dried by desert wind,被风晒干的小花,,,,,,
Driftwood,Driftwood,小木头,,,,,,
Driftwood Desc,A piece of driftwood near water,水边漂来的旧木,,,,,,
Dry Blossom,Dry Blossom,枯萎小花,,,,,,
Dry Blossom Desc,A withered flower beside cold stone,风干在岩边的小花,,,,,,
Dry Flower,Dry Flower,干花,,,,,,
Dry Flower Desc,A flower dried by desert wind,被风晒干的小花,,,,,,
Dry Grass,Dry Grass,荒草,,,,,,
Dry Grass Desc,Wild grass on dry desert ground,干燥土地上的野草,,,,,,
Duration of Session,Duration of Session,工作时间,工作時間,세션 기간,"""\u041F\u0440\u043E\u0434\u043E\u043B\u0436\u0438\u0442\u0435\u043B\u044C\u043D\u043E\u0441\u0442\u044C",Durée de la session,Duración de la Sesión,セッションの持続時間
Dusky Thrush,Dusky Thrush,斑鸫,,,,,,
Dusky Thrush Desc,"A quiet beach wanderer with soft speckled feathers, gently walking along",安静的小旅者，在沙滩上缓缓行走，轻轻觅食，带着温柔又平静的气息。,,,,,,
Eagle,'Eurasian goshawk ',苍鹰,,,,,,
Earnings/Minute,'Income:',收入：,收益/分鐘,1분이익,Доход/Минута,Résultats par minute,Ingresos por Minuto,分間収入
EggDescription_0_0,"'Includes 3 Birds (Rarity: Common, Rare)'",有6种鸟可以开，开出3只鸟,,,,,,
EggDescription_0_1,"'Includes 3 Birds (Rarity: Rare, Endangered)'",有9种鸟可以开，开出3只鸟,,,,,,
EggDescription_0_2,"'Includes 4 Birds (Rarity: Rare, Endangered)'",有8种鸟可以开，开出4只鸟,,,,,,
EggDescription_0_3,"'Includes 4 Birds (Rarity: Endangered, Extinct)'",有3种鸟可以开，开出4只鸟,,,,,,
Eggs,Eggs,鸟蛋,鳥蛋,계란,Яков,Œufs,Huevos,エッグス
Egret,Egret,白鹭,,,,,,
Egret Desc,"A pure white bird with slender legs, stepping lightly through water,",洁白的小鸟，细长双腿轻轻行走，在水中优雅倒影，像流动的光一样温柔。,,,,,,
Egyptian Vulture,,埃及秃鹫,,,,,,
Egyptian VultureDescription,"""A clever scavenger with white plumage and a spiky crest. It uses tools",聪慧的拾荒者，白羽尖冠，会用石头砸蛋，是少见的会用工具的鸟。古人视其为纯洁与智慧的象征。 ,,,,,,
EgyptianVulture,,埃及秃鹫,,,,,,
EgyptianVultureDescription,'A gentle and clever Egyptian vulture living in the warm desert. It wanders,一只温柔又有点小聪明的埃及秃鹫，生活在温暖的沙漠中。虽然环境有些荒凉，但它总能找到有趣的小宝藏，是个安静又可爱的沙漠小伙伴。,,,,,,
Elegant Radio,Elegant Radio,典雅收音机,,,,,,
Elegant Radio Desc,A radio with elegant vintage style,优雅复古风收音机,,,,,,
Endangered,Endangered,濒危,瀕危,위험한 종족,Угроженная,En danger d'extinction,En peligro de extinción.,エンドジャングド
English,English,英文,英文,Englisch,Inglês,anglais,Inglés,Inglese
EnterText,I am going to...,今天要做...,,,,,,
Extinct,Extinct,灭绝,滅絕,사라짐,Исчезнувший,Éteint,Extinta,ボイド
Fallen Branch,Fallen Branch,小树枝,,,,,,
Fallen Branch Desc,A small branch fallen in mountain wind,随风掉下来的树枝,,,,,,
Field Scarecrow,Field Scarecrow,稻草人,,,,,,
Field Scarecrow Desc,A silent watcher standing in fields,田野中央的沉默守望,,,,,,
Field Windmill,Field Windmill,风车,,,,,,
Field Windmill Desc,A windmill turning in open fields,风吹转动的田野风车,,,,,,
Fire,Fire,火焰,,,,,,
FisherDescription,"""Dressed in gleaming emerald-blue feathers, it perches by the stream",羽色如蓝绿宝石般闪耀，常栖息在溪畔，专注地凝视水面。它以闪电般的速度俯冲入水捕猎，象征灵动、精准与自然的奇迹。,,,,,,
Fishing Net,Fishing Net,渔网,,,,,,
Fishing Net Desc,An old fishing net left on shore,被遗忘在岸边的渔网,,,,,,
Flower,Flower,花,花朵,꽃,Цветок,La fleur,La flor,ハナ
Flute,Flute,长笛,,,,,,
Focus succeed! {0} Bonus Coin Earned!,Focus succeed! {0} Bonus Coin Earned!,专注成功！获得{0}个奖励金币！,,,,,,
Focus succeeded! {0} Bonus Coin Earned!,Focus succeeded! {0} Bonus Coin Earned!,专注成功！获得 {0} 个奖励金币！,,,,,,
Food,Food,食物,食物,식물,Пища,Aliment,Alimentación,食料
Forest,Forest,森林,,,,,,
Forest Mushroom,Little Friend,小蘑菇,,,,,,
Forest Mushroom Desc,A small mushroom on the forest floor,地面上的小小蘑菇,,,,,,
Four Leaf Clover,Clover,四叶草,,,,,,
Four Leaf Clover Desc,A lucky clover beside the field,田边偶然出现的幸运草,,,,,,
French,French,法语,法語,프랑스어,Французский,Le français,Francés,フランス語
Frost Crystal,Frost Crystal,冰晶,,,,,,
Frost Crystal Desc,A crystal of frost in frozen wind,寒风凝结成透明晶体,,,,,,
Frozen Pond,Frozen Pond,冰水潭,,,,,,
Frozen Pond Desc,A pond covered with thin ice,结着薄冰的小水潭,,,,,,
Frozen Stone,Frozen Stone,冻石,,,,,,
Frozen Stone Desc,A frozen stone in the tundra,寒原上沉默的石头,,,,,,
Full Screen,Full Screen,全屏模式,全屏模式,Vollbild,Tela cheia,Écran Intégral,Pantalla Completa,Schermo intero
Golden Eagle,,金雕,,,,,,
Golden EagleDescription,A legendary bird of prey with shining golden-brown feathers and piercing,传说中的猛禽，金褐羽光亮、目光如炬。翱翔山巅，象征勇气、自由与不灭的野性。,,,,,,
Golden Wheat,Golden Wheat,麦穗,,,,,,
Golden Wheat Desc,Golden wheat swaying in the wind,金色麦穗轻轻摇晃,,,,,,
Goose,Goose,鸿雁,,,,,,
Goose Desc,"A round and confident bird waddling near water, sometimes loud but always",圆滚滚的小鸟，在水边摇摆行走，偶尔吵闹却很可爱，给湿地带来一点活泼气息。,,,,,,
Grain,Grain,谷物,,,,,,
GrainKey,'Plump golden grains that fill birds with warmth and energy. Acceleration,金黄饱满的谷粒，带来温暖与能量。,,,,,,
Great Auk,Great Auk,大海雀,,,,,,
Great Auk Desc,"A quiet seaside walker from another time, waddling gently along the shore,",来自过去的海边小鸟，慢慢摇摆行走，留下轻轻足迹，带着安静又怀旧的气息。,,,,,,
Great Bustard,Great Bustard,大鸨,,,,,,
Great Bustard Desc,"A large bird moving steadily across open fields, calm and grounded, blending",在田野中缓缓行走的大鸟，沉稳安静，与开阔土地融为一体。,,,,,,
Grey Parrot,Grey Parrot,灰鹦鹉,灰鸚鵡,,,,,
Grey Plover,Grey Plover,灰斑鸻 ,,,,,,
Grey Plover Desc,"A stocky coastal wanderer dressed in silver-grey spots, darting across",披着银灰斑纹的迁徙水鸟，在湿润沙滩上急冲几步便骤然静止，靠感知脚下沙中猎物的细微动静来觅食。,,,,,,
GreyParrotDescription,"""The African Grey Parrot is known for its intelligence and ability to",灰鹦鹉以聪明和能言著称，能模仿人类语言，智力媲美儿童。性格温顺亲人，是极受欢迎的伴侣鸟类之一。,灰鸚鵡以聰明與善語著稱，能模仿人類語言，智商堪比孩童。性格溫馴親人，是受歡迎的伴侶鳥類。,,,,,
GreyParrotHabitat,"It lives in the tropical rainforests of West and Central Africa, especially",主要栖息在非洲中西部的热带雨林，常出没于刚果盆地一带，偏爱湿润温暖、林木茂密的自然环境。,主要棲息於非洲中西部熱帶雨林，常見於剛果盆地，偏好溫暖潮濕、林木茂密的自然環境。,,,,,
Growth,Status,状态,,,,,,
HIGH,,,,,,,,
Haast’s Eagle,,哈斯特鹰,,,,,,
Haast’s EagleDescription,"""Once the world\u2019s largest eagle, native to New Zealand. With a wingspan",曾是世界最大鹰，生于新西兰，翼展逾三米，以猛禽之爪猎巨鸟。虽已灭绝，仍象征失落的威严与原始力量。,,,,,,
Habitat,Habitat,栖息地,棲息地,습성,Хабитат,Le habitat,Hábitat,ジハビット
Habitat is developing!,Habitat is developing!,栖息地正在开发！,,,,,,
Handpan,Handpan,手碟,,,,,,
Hold,Buy one? Owned,买一个？已拥有,,,,,,
Houbara Bustard,A cautious steppe bird with sandy feathers that mirror its surroundings.,,,,,,,
Hour,Hour,小时,小時,시,Часы,Heures,Horas,時間
Ice Crystal,Ice Crystal,冰晶,,,,,,
Ice Crystal Desc,A crystal of frost in frozen wind,寒风凝结成透明晶体,,,,,,
Ice Pond,Ice Pond,冰水潭,,,,,,
Ice Pond Desc,A pond covered with thin ice,结着薄冰的小水潭,,,,,,
Insufficient coins,Coins are not enogh!,金币不足！,金幣不足,이용 불가 동전,"""\u041D\u0435\u0434\u043E\u0441\u0442\u0430\u0442\u043E\u0447\u043D\u043E",Monnaies insuffisantes,Monedas insuficientes,コイン不足
Ivory Gull,Ivory Gull,象牙鸥,,,,,,
Ivory Gull Desc,"One of the few birds that lives year-round in the High Arctic, its pure",全年生活在高纬度极地的洁白海鸥，常跟随北极熊觅食残骸，羽色与浮冰融为一体，是极地的精灵。,,,,,,
Japanese,Japanese,日语,日語,일본어,японский язык,Japonais,Japonés,日本語
Kakapo,Kakapo,鸮鹦鹉,鴞鸚鵡,,,,,
KakapoDescription,A chunky night wanderer and the only parrot in the world that cannot,夜晚才会出来散步的胖墩墩，是世界上唯一不会飞的鹦鹉。笨笨的样子让人更想保护它。,夜晚才會出來散步的胖墩墩，是世界上唯一不會飛的鸚鵡。笨笨的樣子讓人更想保護它。,"""\uB274\uC9C8\uB79C\uB4DC\uC758 \uC0C8 Kakapo\uB294 \uC57C\uD589\uC131\uC774\uACE0","""\u041A\u0430\u043A\u0430\u043F\u043E - \u044D\u0442\u043E \u043D\u043E\u0447\u043D\u043E\u0439,","""Le kakapo est un perroquet nocturne et volant de Nouvelle-Z\xE9lande.","""El kakapo es un loro nocturno y volador de Nueva Zelanda. En peligro",新西蘭のノクターン、飛翔不能のパロットであるカカポは重体、モッシーの緑色をしておりowl-likeな顔を持つ。これは絶滅寸前の状態にある。
KakapoHabitat,"""Hidden away in New Zealand\u2019s misty mountain forests, it thrives",新西兰的山林深处，安静的原始森林才是它安心的家。,紐西蘭的山林深處，安靜的原始森林才是它安心的家。,"""\uCE74\uCE74\uD3EC\uB294 \uC704\uD5D8\uC774 \uC5C6\uB294 \uB274\uC9C8\uB79C\uB4DC","""\u041A\u0430\u043A\u0430\u043F\u043E \u043E\u0431\u0438\u0442\u0430\u044E\u0442","""Les k\u0101kapos habitent les for\xEAts indig\xE8nes, les landes et","Los kakapos habitan bosques nativos, matorrales y praderas de hierba","""\u30AB\u30AB\u30DD\u306F\u3001\u30CB\u30E5\u30FC\u30B8\u30FC\u30E9\u30F3\u30C9\u306E\u7121\u6355\u98DF\u52D5\u7269\u5CF6\u3067\u3001\u539F\u751F\u6797\u3001\u4F4E\u6728\u8349\u5730\u5E2F\u3001\u30C4\u30C3\u30B3\u30B9\u30B0\u30E9\u30B9\u30E9\u30F3\u30C9\u306B\u68F2\u606F\u3059\u308B\u3002\u5F7C\u3089\u306F\u7A74\u5C45"
Kingfisher,,翠鸟,,,,,,
Kiwi,Kiwi,几维鸟,幾維鳥,,,,,
KiwiDescription,"A shy nocturnal wanderer with a long beak. It sniffs the earth gently,",几维鸟是新西兰特有的小型不会飞的鸟类。它有长喙，鼻孔位于喙尖，羽毛蓬松，腿部强壮。它性格害羞、夜间活动，靠灵敏的嗅觉寻找食物。,幾維鳥是紐西蘭特有的小型不會飛的鳥類。它有長喙，鼻孔位於喙尖，羽毛蓬鬆，腿部強壯。它性格害羞、夜間活動，靠靈敏的嗅覺尋找食物。,,,,,
KiwiHabitat,,,幾維鳥生活在紐西蘭的森林、草地和灌木地。它們喜歡植被茂密的地方和鬆軟的土壤，便於挖掘。它們白天藏在洞穴或天然庇護所裡，晚上出來覓食昆蟲和蚯蚓。,,,,,
Korean,Korean,韩语,韓語,한국어,Корейский язык,Coreano,Coreano,韓国語
LOW,,,,,,,,
Lamp,Firefly Lamp,萤火灯,,,,,,
LampDescription,The forest feels a little dull without it.,没有它，森林会显得有点单调。,,,,,,
Language,Language,语言,,,,,,
Lifebuoy,Lifebuoy,救生圈,,,,,,
Lifebuoy Desc,Always ready to rescue,时刻准备好营救,,,,,,
Light,Light,光,燈光,백팩,Свет!,La lumière,Luz,光
Lightning Vloume,Lightning Vloume,闪电音量,,,,,,
Little Snail,Little Snail,小蜗牛,,,,,,
Little Snail Desc,A tiny snail crossing soft moss,等它慢慢穿过湿润苔藓,,,,,,
Little Snowman,Little Snowman,小雪人,,,,,,
Little Snowman Desc,A little snow friend in white fields,雪地里安静的小伙伴,,,,,,
Little Succulent,Little Succulent,小多肉,,,,,,
Little Succulent Desc,A small succulent growing in sand,沙地里可爱的多肉,,,,,,
Long-tailed Tit,,北长尾山雀,,,,,,
Long-tailed Tit Description,"A tiny fluffy sprite with a graceful tail. It flits in groups, weaving",娇小圆润，尾羽细长如丝。常成群穿梭林间，呢喃轻快，互相依偎取暖。它们以团结与温情闻名，是寒林中最温暖的身影。,,,,,,
Loop,Loop,循环播放,,,,,,
Lorikeet,Lorikeet,吸蜜鹦鹉,吸蜜鸚鵡,,,,,
LoryDescription,"""A flower nectar lover with a magical brush-tipped tongue, glowing feathers,",拥有魔法小舌头的花蜜爱好者，羽毛闪闪发光，性格活泼，像永远转不完的小陀螺。,擁有魔法小舌頭的花蜜愛好者，羽毛閃閃發光，性格活潑，像永遠轉不完的小陀螺。,"""\uB85C\uB9AC\uC988\uB294 \uC8FC\uB984\uC9C0\uB2CC \uD600\uB97C \uAC00\uC9C4","""\u041B\u043E\u0440\u0438\u0438 - \u044F\u0440\u043A\u043E \u043E\u043A\u0440\u0430\u0448\u0435\u043D\u043D\u044B\u0435","""Les Loris sont des perroquets color\xE9s vifs connus pour leurs langues","""Los loros son p\xE1jaros de colores brillantes conocidos por sus leng\xFCetas",ロリイは、刷毛状の舌を持つために有名な明るい色彩のパロットで、花蜜と果物を食べます。非常に活発的で騒々しいため、敏捷な飛行能力を持っています。
LoryHabitat,"""Prefers to live among blooming flowers, darting around to sip nectar,",爱住在开满花的地方，飞来飞去帮忙采蜜，是森林里的花园小帮手。,愛住在開滿花的地方，飛來飛去幫忙採蜜，是森林裡的花園小幫手。,"""\uB85C\uB9AC\uC2A4\uB294 \uC624\uC2A4\uD2B8\uB808\uC77C\uB9AC\uC544\uC640","""\u041B\u043E\u0440\u0438 \u043D\u0430\u0441\u0435\u043B\u044F\u044E\u0442","""Les loris habitent les for\xEAts de pluie tropicales, les bois littoraux","""Los loros habitan bosques de pluvisilvestres tropicales, matorrales",ロリースはオーストラリアジアと太平洋の島々をまたにかけて、熱帯雨林、海浜林、およびマングローブに棲息している。花が繁る木々が多いところで栄える。
Lotus,Lotus,荷花,,,,,,
Lotus Desc,A lotus blooming on still water,水面盛开的粉色荷花,,,,,,
Lotus Flower,Lotus Flower,荷花,,,,,,
Lotus Flower Desc,A lotus blooming on still water,水面盛开的粉色荷花,,,,,,
Lucky Clover,Lucky Clover,四叶草,,,,,,
Lucky Clover Desc,A lucky clover beside the field,田边偶然出现的幸运草,,,,,,
MAPKEY,Map (M),地图 (M),地圖,지도,Карта,Plan,Mapa,マップ
MEDIUM,,,,,,,,
Management,Your bird,你的鸟类,,,,,,
Mandarin Duck,Mandarin Duck,鸳鸯,,,,,,
Mandarin Duck Desc,"A colorful pair always staying together, swimming side by side, playful",成双成对的小鸟，一起游在水面，活泼又亲密，像温柔陪伴的小象征。,,,,,,
ManegeSell,Release,放飞,,,,,,
ManualFeeding,Turn On Auto Feeding,自动喂食,,,,,,
Marsh Flower,Marsh Flower,湿地小花,,,,,,
Marsh Flower Desc,A flower growing in wet soil,湿润泥土中的花,,,,,,
Marsh Frog,Marsh Frog,可爱青蛙,,,,,,
Marsh Frog Desc,A frog living in the marsh,湿地里生活的小青蛙,,,,,,
Marsh Idol,Marsh Idol,石雕,,,,,,
Marsh Idol Desc,An ancient stone carving in marsh,湿地里古老的石雕,,,,,,
MaxEggLimitKey,No more space in the habitat.,栖息地没有空位了,超出森林數量,,,,,
Min,Min,分钟,分鐘,분,Минуты,Les minutes,Minutos,分
Moss Snail,Moss Snail,小蜗牛,,,,,,
Moss Snail Desc,A tiny snail crossing soft moss,等它慢慢穿过湿润苔藓,,,,,,
Mountain,Mountain,高山,,,,,,
Mountain Flower,Mountain Flower,山野花,,,,,,
Mountain Flower Desc,A wild flower on the mountain slope,山坡上自由生长的花,,,,,,
Mountain Wildflower,Wild Bloom,山野花,,,,,,
Mountain Wildflower Desc,A wild flower on the mountain slope,山坡上自由生长的花,,,,,,
Mouse,Mouse,鼠标,,,,,,
Mushrrom,Mushrrom,蘑菇,蘑菇,버섯,Муши́ра,Champignon,Champiñón,マッシュルーム
NOTEBOOKKEY,Note (N),笔记本 (N),注意,노트북,Заметка,«Notice»,Nota,ノート
Namaqua Dove,,纳马夸鸠,,,,,,
Namaqua DoveDescription,"Tiny and elegant, with a long pointed tail and soft coo. Adapted to hot,",娇小优雅，尾羽细长，呢喃轻柔。适应炙热旷野，象征平和与在烈日下的从容。 ,,,,,,
Nature Book,Nature Book,草木图鉴,,,,,,
Nature Book Desc,A bird book inspired by nature,自然主题鸟类图鉴,,,,,,
NeedToPayCoinsToPurchase,You need to pay ${0} to purchase it.,需要支付 {0} 才能购买它。,,,,,,
NewBookKey,Book,书,書,,,,,
NewVolumeBar,Music volume,音乐音量,,,,,,
NewVolumeDown,Volume down,音量减少,,,,,,
NewVolumeUp,Volume up,音量增加,,,,,,
Next,Next,下一首,,,,,,
Next Session,Next Session,下一个工作,,,,,,
Night Heron,Night Heron,夜鹭,,,,,,
Night Heron Desc,"A quiet bird that appears at dusk, standing still near water, watching",黄昏出现的小鸟，静静守在水边，动作轻柔，带着一点神秘与安静的气息。,,,,,,
Northern Cardinal,Northern Cardinal,北美红雀,北美紅雀,,,,,
Northern Goshawk,,苍鹰,,,,,,
Northern GoshawkDescription,"A sharp-eyed forest hunter, swift and silent. It patrols treetops with",森林中的强者，宽翼锐目，穿梭树间追猎。象征精准、主宰与林中不羁的灵魂。,,,,,,
Notebook,Notebook,笔记本,,,,,,
Number of Sessions,Number of Sessions,工作次数,工作次數,세션 수,Количество сессий,Nombre de sessions,Número de Sesiones,セッション数
Ocean Book,Ocean Book,海洋图鉴,,,,,,
Ocean Book Desc,A bird book with ocean theme,海洋风格鸟类图鉴,,,,,,
Odd Desert Tree,Odd Desert Tree,奇怪小树,,,,,,
Odd Desert Tree Desc,A strange tree standing in desert,沙漠中孤独的小树,,,,,,
Oil Lantern,Oil Lantern,油灯,,,,,,
Oil Lantern Desc,A warm lantern in the quiet night,夜色中温暖的油灯,,,,,,
Old Fishing Net,Old Fishing Net,渔网,,,,,,
Old Fishing Net Desc,An old fishing net left on shore,被遗忘在岸边的渔网,,,,,,
Old Flask,Old Flask,水壶,,,,,,
Old Flask Desc,An old flask left by traveler,旅人留下的旧水壶,,,,,,
OnlyDeleteHint,Right click to delete,右键删除,,,,,,
OstrichDescription,"""The desert\u2019s giant runner\u2014flightless but incredibly fast.",沙漠里的“长腿跑步冠军”，虽然不会飞，却跑得飞快。它用有力的步伐轻松跨越无尽沙丘，既自信又坚强，还带点憨憨的可爱。,,,,,,
Output,Income,收入,,,,,,
Owl,pharaoh eagle-owl,雕鸮,,,,,,
POMODORO,POMODORO,番茄钟,,,,,,
Paddy field,Paddy field,稻田,,,,,,
Parakeet,Parakeet,虎皮鹦鹉,,,,,,
Parakeet1,Parakeet,虎皮鹦鹉,,,,,,
ParakeetDescription,A striped little cutie who loves chirping in flocks and playing nonstop.,背上有条纹的小可爱，总喜欢成群结队叽叽喳喳，玩耍不停。是世界上最受欢迎的小伙伴之一。,背上有條紋的小可愛，總喜歡成群結隊嘰嘰喳喳，玩耍不停。是世界上最受歡迎的小伙伴之一。,"""\u092A\u0930\uCF00\uD2B8\uB294 \uC0C9\uB2E4\uB978 \uC791\uC740 \uD30C\uB85C\uB85C","""\u041F\u0430\u0440\u043E\u0435\u043A\u0438 - \u044D\u0442\u043E \u043C\u0430\u043B\u0435\u043D\u044C\u043A\u0438\u0435","""Les perruches sont des petits perroquets color\xE9s avec des queues","""Los lorosideos son loros peque\xF1os y coloridos con largas colas. Son",パラケットは、カラフルで小さなパロットである。長い尻尾をもつ彼らは、遊び好きで社会的かつ人間の声を模倣することができるため人気のあるペットとなった。
ParakeetHabitat,,,虎皮鸚鵡原產於澳洲，常見於乾燥的草原與灌木地區，經常成群遷徙尋找水源，適應力極強。,"""\uD638\uC0C1\uC790\uC0C8\uB294 \uD638\uC218, \uC0BC\uB9BC, \uCD08\uC6D0\uC5D0\uC11C","""\u0412\u0438\u0434\u043E\u0432\u0430\u044F \u043F\u0430\u0440\u0443\u0441\u043D\u0430\u044F","""Les perruches sauvages prosp\xE8rent dans les steppes ouvertes, les","Los loros salvajes prosperan en llanuras abiertas, bosques y praderas",オーストラリアのオープン・プレインズ、ウッドランド、グラスランドに住むワイルド・パレイクットは、大きな群れを形成し、種子と水源周辺で生存しています。
Passenger Pigeon,Passenger Pigeon,旅鸽,,,,,,
Passenger Pigeon Desc,"A bird from long ago, once flying over vast fields in great numbers,",曾飞过田野的鸟，如今只剩回忆，带着遥远又安静的感觉。,,,,,,
Pause,Pause,暂停,,,,,,
Pelican,Pelican,鹈鹕,,,,,,
Pelican Desc,"A big bird with a funny pouch, floating calmly on the water and scooping",嘴袋大大的小鸟，在水上慢慢捞鱼，动作有点笨，却特别讨人喜欢。,,,,,,
Pharaoh Eagle-Owl,A powerful nocturnal raptor with golden eyes and desert-colored plumage.,一只强大又有点神秘的夜行猛禽，拥有金闪闪的大眼睛和沙漠色的小羽毛，在夜晚悄悄守护着自己的世界，显得又酷又可爱。,,,,,,
Pharaoh Eagle-OwlDescription,A majestic nocturnal hunter with amber eyes and sandy feathers that blend,夜行猛禽，琥珀眼、沙色羽，与岩壁融为一体。低沉的鸣声在夜中回荡，象征神秘与静默的力量。,,,,,,
Pheasant,Pheasant,雉鸡,,,,,,
Pheasant Desc,"A colorful bird walking proudly through rice fields, long tail trailing,",在稻田中行走的彩色小鸟，尾巴修长，像藏在田野里的小宝石。,,,,,,
Phoenix,Phoenix,凤凰,,,,,,
Phoenix Desc,"""A mythical firebird found across many cultures, said to live for centuries",跨越多种文化的传说神鸟，据说历经百年后浴火化灰、再度重生，象征着永恒的希望与生命的轮回。,,,,,,
Pigeon,Pigeon,鸽子,,,,,,
Pigeon Desc,"A calm bird walking along field paths, pecking slowly, gentle and familiar,",在田埂上慢慢行走的小鸟，轻轻觅食，温和又熟悉，让人安心。,,,,,,
Pinecone,Pinecone,松果,,,,,,
Pinecone Desc,A pinecone fallen from tall pines,松林落下的小小果实,,,,,,
Pink Flower,Pink Flower,粉色小花,,,,,,
Pink Flower Desc,A pink flower beside the sea,海边柔软的粉花,,,,,,
Pink Seabloom,Pink Seabloom,粉色小花,,,,,,
Pink Seabloom Desc,A pink flower beside the sea,海边柔软的粉花,,,,,,
Pink-headed Duck,Pink-headed Duck,粉头鸭,,,,,,
Pink-headed Duck Desc,"A soft colored duck with a gentle pink head, quietly floating on water,",粉色小脑袋的鸭子，轻轻漂在水面，安静又可爱，让湿地变得温暖柔和。,,,,,,
Play,Play,播放,,,,,,
Plushie Bear,Bear William,小熊威廉,,,,,,
Plushie BearDescription,Always dozing off in the sunshine.,森林里的可爱小熊，总爱在阳光下打盹。,,,,,,
Plushie Shark,Shark Leo,鲨鱼里奥,,,,,,
Plushie SharkDescription,"Open mouth out of habit, not to bite.",张嘴只是习惯，不是真的想咬人。,,,,,,
Polar Grass,Polar Grass,寒带小草,,,,,,
Polar Grass Desc,A grass growing in polar wind,在寒风中生长的小草,,,,,,
Pomodoro Clock,Pomodoro Clock (P),番茄钟 (P),番茄鐘,,,,,
Potted Plant,Potted Plant,盆栽,,,,,,
Potted Plant Desc,A small plant resting in a pot,安静摆放的小盆栽,,,,,,
Powdered Head Duck,,粉红头鸭,,,,,,
Previous,Previous,上一首,,,,,,
Ptarmigan,,雷鸟,,,,,,
PtarmiganDescription,"""A master of camouflage\u2014white in winter, brown in summer. Found",伪装大师——冬白夏褐。栖于北极与高山地带，与环境融为一体。安静坚强，是冰原中自然的力量象征。,,,,,,
Purchase successful! Left-click to place the ornament,Purchase successful! Left-click to place the ornament,购买成功！单击以放置装饰物。,購買成功！點擊以置放裝飾物。,"""\uAD6C\uB9E4 \uC131\uACF5\uD588\uC2B5\uB2C8\uB2E4! \uB370\uC2A4\uD06C\uD1B1","""\u0423\u0441\u043F\u0435\u0448\u043D\u043E \u0432\u044B\u043F\u043E\u043B\u043D\u0435\u043D\u043E","""L'achat a \xE9t\xE9 r\xE9ussi ! Cliquez sur le bouton gauche pour placer","""\xA1El pago ha sido exitoso! Haz clic con el bot\xF3n izquierdo para",購入成功！左クリックで飾りを置きます。
Purchase successful! The decoration has been placed!,Purchase successful! The decoration has been placed!,购买成功！装饰品已放置！,,,,,,
Purchase successful! The ornament has been placed in the designated place,Purchase successful! The ornament has been placed in the designated place,购买成功！装饰物已经被放置在指定位置。,購買成功！飾品已被放置在指定位置。,"""\uAD6C\uB9E4 \uC131\uACF5! \uD574\uB2F9 \uC7A5\uC2DD\uD488\uC740 \uC9C0\uC815\uB41C","""\u0423\u0441\u043F\u0435\u0448\u043D\u0430\u044F \u043F\u043E\u043A\u0443\u043F\u043A\u0430!","""L'achat a \xE9t\xE9 r\xE9alis\xE9 avec succ\xE8s ! L'ornement a \xE9t\xE9","""\xA1El purchase ha sido exitoso! El ornamento ha sido colocado en el",購入完了！オーナメントは、指定された場所に配置されました。
Purchased,Equipped,已装备,,,,,,
Purple Alpine Flower,Tiny Purple,紫山花,,,,,,
Purple Alpine Flower Desc,A purple flower among mountain road,山地边上的紫花,,,,,,
Quail,Quail,鹌鹑,,,,,,
Quail Desc,"A round little bird hiding among rice plants, moving low and quietly,",躲在稻田里的小鸟，贴地行动，安静又害羞，很容易融入田间。,,,,,,
Questionaire,Feedback,提交反馈,意見回饋,,,,,
Quiet Pond,Quiet Pond,小水潭,,,,,,
Quiet Pond Desc,A quiet pond beside the rice fields,田边安静的小水潭,,,,,,
Quit Game,Quit Game,退出游戏,退出遊戲,Spiel beenden,Sair do Jogo,Arrête le jeu.,Dejar de Jugar,Esci dal gioco
RADIOKEY,Radio (R),收音机 (R),電台,라디오,Радио,Le radio.,La radio,ラジオ
Radio,Radio,收音机,,,,,,
Rail,Rail,秧鸡,,,,,,
Rail Desc,"A secretive bird walking through wet paddies, slipping between reeds",在水田中悄悄行走的小鸟，穿过稻丛，很少被发现，像水里的影子。,,,,,,
Rain,Rain,下雨,,,,,,
Rain Vloume,Rain Vloume,雨天音量,,,,,,
Ram Bones,Ram Bones,羊骨头,,,,,,
Ram Bones Desc,Old bones resting in the snow,雪地里留下的旧骨,,,,,,
Random,Random,随机播放,,,,,,
Rare,Rare,稀有,稀有,드레어,Редкий,Rare - Rare,Escaso,レア 
Rarity,Rarity,稀有度,,,,,,
Red-billed Chough,Chough,乌鸦,,,,,,
Red-billed ChoughDescription,"A playful cliff acrobat with a bright bill. It rides windy ridges, laughing",以鲜红的嘴脚著称，灵巧的悬崖飞者，常在海崖与山岭间盘旋呼唤，自由的化身。,,,,,,
Red-crowned Crane,Red-crowned Crane,丹顶鹤,,,,,,
Red-crowned Crane Desc,"A graceful bird with a red crown, walking slowly through shallow waters,",头顶红色的小精灵，在浅水中优雅行走，安静从容，像湿地里的温柔守护者。,,,,,,
RedBillDescription,"A playful cliff acrobat with a bright bill. It rides windy ridges, laughing",羽色漆黑发亮，双眼如星般聪慧。它们聪明机警，擅长模仿与解决问题，常在森林与人类之间自由穿行。乌鸦象征着智慧、预兆与重生，是夜色中最深邃的灵魂。,,,,,,
Redstart,Redstart,红尾鸲,,,,,,
Redstart Desc,"A small bird with a bright tail, flicking lightly as it perches on rice",停在稻穗上的小鸟，尾巴闪亮，轻快跳动，像田间的一点小火光。,,,,,,
Release All,Release All,全部放飞,,,,,,
Release Earnings,Reward：,奖励:,,,,,,
ReleaseAllConfirm,Are you sure you want to release all birds?,是否释放所有鸟？,,,,,,
ReleaseUnlocked,Release all unlocked bird,放飞所有未锁定鸟,,,,,,
Repeat,Cycles,循环,,,,,,
Reward,Reward,奖励,,,,,,
Rice,Rice,米粒,,,,,,
RiceKey,This is Rice,这是米粒,,,,,,
Right Click To Delete,"Right Click To Delete, left click to move",右键移动，左键删除,,,,,,
River,River,河流,,,,,,
Russian,Russian,俄语,俄語,러시아어,Русский язык,Russe,Rusia,ロシア語
SETTINGKEY,Setting (ESC),设置 (ESC),設定,설정,Установка,Environnement,Configuración,セッティング
SHOPKEY,Shop (S),商店 (S),商店,가게,Магазин,Magasin,Tienda,ショップ
STOPWATCH,STOPWATCH,秒表,,,,,,
Sand Beetle,Sand Beetle,甲虫,,,,,,
Sand Beetle Desc,A beetle crawling across the sand,沙地爬行的小甲虫,,,,,,
Sand Bloom,Sand Bloom,粉色小花,,,,,,
Sand Bloom Desc,A small flower growing in desert sand,沙地中顽强的小花,,,,,,
Sand Bucket,Sand Bucket,沙子桶,,,,,,
Sand Bucket Desc,A small bucket filled with sand,装满沙子的小桶,,,,,,
Sand Castle,Sand Castle,沙子城堡,,,,,,
Sand Castle Desc,A sand castle built on beach,海滩上堆起的沙堡,,,,,,
Scarecrow,Scarecrow,稻草人,,,,,,
Scarecrow Desc,A silent watcher standing in fields,田野中央的沉默守望,,,,,,
Schedule,Schedule,日程,日程表,일정,Расписание,Calendrier,Agenda,シュケジュール
Sea Grass,Sea Grass,可爱小草,,,,,,
Sea Grass Desc,A small grass swaying in sea wind,海风中摇摆的小草,,,,,,
Seagull,Seagull,海鸥,,,,,,
Seagull Desc,"A lively coastal bird gliding above waves, calling brightly in the wind,",在海面滑翔的小鸟，迎着海风鸣叫，活泼又好奇，为大海带来满满活力。,,,,,,
Seaside Flower,Seaside Flower,海边小花,,,,,,
Seaside Flower Desc,A small flower by the sea,海风吹拂的小花,,,,,,
Sec,Sec,秒,秒,초,Секунды,Seconde,Segundos,秒
Seed,Seed,种子,,,,,,
SeedKey,"""Tiny and tasty seeds\u2014small birds\u2019 favorite snack. Acceleration",细小而香甜的种子，是小鸟最爱的轻食。,,,,,,
SellButton,Release,放飞,售賣,,,,,
Session,Working,工作,,,,,,
Sessions overview,Sessions overview,工作概览,,,,,,
Shark,Shark,鲨鱼,,,,,,
Shy Mimosa,Shy Mimosa,含羞草,,,,,,
Shy Mimosa Desc,A quiet plant growing in the forest,林间安静生长的小草,,,,,,
Shy Plant,Shy Plant,含羞草,,,,,,
Shy Plant Desc,A quiet plant growing in the forest,林间安静生长的小草,,,,,,
Silent Flower,Silent Flower,白野花,,,,,,
Silent Flower Desc,A wild flower blooming in the woods,林间悄然盛开的野花,,,,,,
Siletnt Flower,Siletnt Flower,寂静小花,,,,,,
Siletnt Flower Desc,A white flower blooming in desert sands,沙地里安静盛开的白花,,,,,,
Skip,Skip,跳过,,,,,,
Small Branch,Small Branch,小树枝,,,,,,
Small Branch Desc,A small branch fallen in mountain wind,随风掉下来的树枝,,,,,,
Small Pond,Small Pond,小水潭,,,,,,
Small Pond Desc,A quiet pond beside the rice fields,田边安静的小水潭,,,,,,
Snow Bloom,Snow Bloom,雪野花,,,,,,
Snow Bloom Desc,A small flower blooming in snow,雪地里顽强的小花,,,,,,
Snow Bones,Snow Bones,羊骨头,,,,,,
Snow Bones Desc,Old bones resting in the snow,雪地里留下的旧骨,,,,,,
Snow Buddy,Snow Buddy,小雪人,,,,,,
Snow Buddy Desc,A little snow friend in white fields,雪地里安静的小伙伴,,,,,,
Snow Bunting,,雪雀,,,,,,
Snow BuntingDescription,"A winter sweetheart in soft white feathers. It hops across snowfields,",生活在寒冷的北方苔原，洁白羽毛在雪中闪烁，宛如飞舞的雪花。温柔而群居，象征纯净与在严冬中坚韧的生命。 ,,,,,,
Snow Finch,Snow Finch,雪岩鹨,,,,,,
Snow Finch Desc,"""A small passerine of high alpine and Arctic zones, hopping nimbly across",生活在高山与极地岩石间的小鸟，常在缝隙中筑巢，能在严寒中繁殖，是真正适应极端环境的留鸟。,,,,,,
Snow Vloume,Snow Vloume,雪天音量,,,,,,
Snow Wildflower,Snow Flower,雪野花,,,,,,
Snow Wildflower Desc,A small flower blooming in snow,雪地里顽强的小花,,,,,,
Snowy Owl,Snowy Owl,雪鸮,,,,,,
Snowy Owl Desc,"A powerful Arctic raptor with nearly silent flight, its thick white plumage",极地猛禽，厚实的白羽既保暖又隐身，飞行几乎无声，主要捕食旅鼠，是苔原上沉稳的顶级猎手。,,,,,,
Song Vloume,Song Vloume,歌曲音量,,,,,,
Sorting,Sorting,排序,,,,,,
Southern Yellow-billed Hornbill,,南方黄嘴犀鸟,,,,,,
Southern Yellow-billed HornbillDescription,"""Known for its large yellow beak and curious look. Often called the \u201Cflying",巨大的黄嘴、好奇的神情，被称作“会飞的香蕉”。漫步干旱草原觅食昆虫，聪明亲近，象征幽默与坚毅。,,,,,,
Spanish,Spanish,西班牙语,西班牙語,스페인어,Испанский язык,"Le résultat est

Espagnol",Español,スペイン語
Sparrow,Sparrow,麻雀,,,,,,
Sparrow Desc,"A tiny bird hopping among rice fields, chirping happily, pecking at fallen",在稻田间跳跃的小鸟，叽叽喳喳，啄食稻粒，让田野充满生机。,,,,,,
Start,Start,开始,啟動,시작,Начать,Démarrer,Comienzo,スタート
Start/Pause,Start/Pause,开始/暂停,,,,,,
SteamButton,Join the wishlist,加入愿望单,加入願望清單,,,,,
Stone Carving,Stone Carving,石雕,,,,,,
Stone Carving Desc,An ancient stone carving in marsh,湿地里古老的石雕,,,,,,
Stop,Stop,停止,停止,정지,Стоп,Arrêtez,Detente,トップ
Stop Watch,Stop Watch,秒表,秒錶,,,,,
Stop/Clear,'Stop/Clear ',停止/清除,,,,,,
Strange Desert Tree,Strange Tree,奇怪小树,,,,,,
Strange Desert Tree Desc,A strange tree standing in desert,沙漠中孤独的小树,,,,,,
Sunshine Radio,Sunshine Radio,暖阳收音机,,,,,,
Sunshine Radio Desc,A radio with warm sunny colors,像阳光般温暖的配色,,,,,,
Swallow,Swallow,燕子,,,,,,
Swallow Desc,"A swift flyer gliding low above rice paddies, turning gracefully, catching",在稻田上空飞舞的小鸟，轻盈盘旋，捕捉飞虫，让田野更有节奏。,,,,,,
TIMER,TIMER,计时器,,,,,,
TIMERKEY,Timer,计时器,計時器,타이머,Таймер,Le timer.,Reloj,タイマー
TeddyBear,TeddyBear,泰迪熊,泰迪熊,테디 베어,Медвежонок,'Ours,Osito de Algodón,テディーベア
ThanksKey,"""Feather Land is still in active development, so you may encounter bugs,","""\u76EE\u524D\u6E38\u620F\u4ECD\u5728\u5F00\u53D1\u4E2D\uFF0C\u53EF\u80FD\u4F1A\u9047\u5230\u4E00\u4E9B\u5C0F\u95EE\u9898\u6216\u5C1A\u672A\u5B8C\u5584\u7684\u5185\u5BB9\uFF0C\u611F\u8C22\u4F60\u7684\u7406\u89E3\u4E0E\u652F\u6301\u3002","""\u904A\u6232\u9084\u5728\u958B\u767C\u4E2D\uFF0C\u6240\u4EE5\u4F60\u53EF\u80FD\u6703\u9047\u5230\u4E00\u4E9B",,,,,
ThanksTitle,Thanks for joining the Feather Land Playtest!,感谢你参与《鸟语森林》的试玩！,感謝你參與《鳥語森林》的試玩！,,,,,
The maximum purchase quantity limit has been reached!,The maximum purchase quantity limit has been reached!,已达到最大购买数量限制！,已達最大購買數量限制！,구매수량 제한이 도달되었습니다!,"""\u041C\u0430\u043A\u0441\u0438\u043C\u0430\u043B\u044C\u043D\u0430\u044F",Le plafond de quantité d'achat maximal a été atteint !,¡El límite de cantidad para la compra ha sido alcanzado!,最大購入数量限度に達しました！
There is no birds,There are no birds for release,没有鸟可以放飞,,,,,,
Thunderbird,Ptarmigan,雷鸟,,,,,,
Time to have a break!,Time to have a break!,休息时间到了！,休息一下！,시간에 휴식이 필요해!,Время для перерыва!,Le temps de faire une pause !,¡Tiempo de hacer una pausa!,タイム・アウト！
Time to work!,Time to work!,时间到了！,時間到了！,근무 시간입니다!,Время работать!,Temps de travail !,Hora de trabajar!,時間は働く! 
Time's Up!,Time's Up!,时间到！,,,,,,
Timer,Timer,计时器,計時器,,,,,
Times,times,次数,,,,,,
Times up!,Times up!,时间到了！,時間已經到了！,시간 종료,Время кончено!,Le temps est écoulé !,¡Tiempo límite!,｢タイムズ・アップ！｣
TingTing Guitar,Missing Guitar,叮叮吉他,,,,,,
TingTing GuitarDescription,Looks like someone left it here.,一定是有人把它忘在这里了。你觉得小鸟会弹吗？,,,,,,
Tiny Mushroom,Tiny Mushroom,小蘑菇,,,,,,
Tiny Mushroom Desc,A small mushroom on the forest floor,地面上的小小蘑菇,,,,,,
Tiny Tree,Tiny Stump,小小树桩,,,,,,
Tiny TreeDescription,A spot where birds can rest.,小鸟可以在上面歇会儿。,,,,,,
ToDoListHint,Create a task,创建一个任务,,,,,,
Tools,Tools,工具,工具,도구,Инструменты,Outils,Herramientas,工具
Total Capacity,Total Capacity,总容量,,,,,,
Traveler Flask,Traveler Flask,水壶,,,,,,
Traveler Flask Desc,An old flask left by traveler,旅人留下的旧水壶,,,,,,
Try to focus for more than 5 minutes to earn coins.,Try to focus for more than 5 minutes to earn coins.,专注超过 5 分钟即可获得额外金币！,,,,,,
Tundra Bloom,Tundra Bloom,寒带小花,,,,,,
Tundra Bloom Desc,A tundra flower in cold land,极寒之地的小花,,,,,,
Tundra Flower,Tundra Flower,寒带小花,,,,,,
Tundra Flower Desc,A tundra flower in cold land,极寒之地的小花,,,,,,
Tundra Grass,Tundra Grass,寒带小草,,,,,,
Tundra Grass Desc,A grass growing in polar wind,在寒风中生长的小草,,,,,,
Turtledove,Turtle dove,斑鸠,,,,,,
Turtledove Description,"A gentle dove that stays close to its mate. Soft coos carry peace, warmth,",羽色柔和，颈间点缀珍珠般的斑纹。常在林边成双低语，鸣声温婉悠远。它们性情温顺、忠诚，被视为和平与爱的象征，为宁静的森林带来一份温柔与安宁。,,,,,,
Tutorial,Tutorial(T),教程(T),教學,,,,,
Tutorial0,Change the bird’s name here.,更改鸟的名字。,點擊購買有趣的物品：新鳥的蛋、裝飾品和工具,,,,,
Tutorial1,This bar shows the bird’s growth.,鸟的成长情况。,左鍵點擊小鳥：撫摸並賺取金幣,,,,,
Tutorial10,Setting (ESC),设置(ESC),,,,,,
Tutorial11,Focus Mode,专注模式,,,,,,
Tutorial12,Pomodoro Clock (P),番茄钟(P),,,,,,
Tutorial13,Notebook (N),笔记本(N),,,,,,
Tutorial14,Radio (R),收音机(R),,,,,,
Tutorial15,Windowed Mode (1),窗口模式(1),,,,,,
Tutorial16,Wallpaper Mode (2),壁纸模式(2),,,,,,
Tutorial17,Fullscreen Mode (3),全屏模式(3),,,,,,
Tutorial18,"'For tools: drag the dots to move, drag the corner to resize.'",对于工具窗口：拖动圆点即可移动，拖动角落即可缩放。,,,,,,
Tutorial2,Right-click a bird to check its info.,右键点击鸟查看它的信息。,右鍵點擊小鳥：查看資訊 ,,,,,
Tutorial3,Left-click a bird to pet it.,左键点击鸟来抚摸它,左鍵點擊地面：餵食幼鳥，看牠吃東西、成長並展翅飛翔！,,,,,
Tutorial4,"'Left-click the ground to drop food, When birds grow up, they earn more","""\u5DE6\u952E\u70B9\u51FB\u5730\u9762\u6765\u6295\u653E\u98DF\u7269,",你的工具：地圖、時鐘、鳥類圖鑑、收音機、筆記本和設定,,,,,
Tutorial5,"This is the shop, where you can buy eggs, decorations, and new tools.",杂货店 (S),點擊這裡切換天氣 —— 在夜晚、黃昏、多雲、雨天和晴天之間自由切換，超愜意！,,,,,
Tutorial6,"This is the bird book, meet and collect all your birds! (B)",鸟类图鉴 (B),你的金錢,,,,,
Tutorial7,Change weather here. (A),更改天气 (A),,,,,,
Tutorial8,Earn more coins to unlock new habitats. (M),探索地图 (M),,,,,,
Tutorial9,Coins,金币余额,,,,,,
TutorialBag,Open Backpack,打开背包,打開背包,,,,,
TutorialNew,"When birds grow up, they earn more coins per minute!",鸟长大后，每分钟赚更多金币！,,,,,,
Type,Type,种类,,,,,,
Unknown,Unknown,未知,未知,알 수 없음,"""\u041D\u0435\u0442 \u0440\u0435\u0437\u0443\u043B\u044C\u0442\u0430\u0442\u0430.","I can't translate ""Unknown"" as it is not a coherent phrase. Can you please","""No se puede traducir algo que no tiene texto. Por favor, proporciona",無効な入力
Upgrade forest bird capacity to,Upgrade forest bird capacity to,升级鸟的容量到,,,,,,
Vibrant Notebook,Vibrant Notebook,活力记事本,,,,,,
Vibrant Notebook Desc,A notebook in bright lively colors,充满活力的记事本,,,,,,
Vibrant Timer,Vibrant Timer,活力番茄钟,,,,,,
Vibrant Timer Desc,A timer in energetic colors,活力色彩的番茄钟,,,,,,
Vintage Book,Vintage Book,古典图鉴,,,,,,
Vintage Book Desc,A bird book in vintage style,复古风格鸟类图鉴,,,,,,
Violet Bloom,Violet Bloom,紫山花,,,,,,
Violet Bloom Desc,A purple flower among mountain road,山地边上的紫花,,,,,,
Volume,Volume,音量,,,,,,
Vulture,,秃鹫,,,,,,
VultureDescription,"A calm sky cleaner drifting on warm winds. Misunderstood but vital, it",耐心的清道夫，乘暖气流高飞，以敏锐目光清理大地。虽被误解，却维持自然的循环与平衡。,,,,,,
Wallp,Wallpaper Mode currently supports single-monitor only,壁纸模式只支持单屏显示器,,,,,,
Wallpaper,Wallpaper,壁纸模式,壁紙模式,Tapete,Papel de parede,Papier peint,Papel de pared,Carta da parati
WallpaperSingleMonitorOnly,Wallpaper Mode is single-monitor only,壁纸模式仅支持单屏哦,,,,,,
Wander Guitar,Wander Guitar,流浪吉他,,,,,,
Wander Guitar Desc,A wandering guitar left in the forest,森林里遗落的一把吉他,,,,,,
Wandering Guitar,Missing Guitar,流浪吉他,,,,,,
Wandering Guitar Desc,A wandering guitar left in the forest,森林里遗落的一把吉他,,,,,,
Warm Lantern,Warm Lantern,油灯,,,,,,
Warm Lantern Desc,A warm lantern in the quiet night,夜色中温暖的油灯,,,,,,
Water Grass,Water Grass,水草,,,,,,
Water Grass Desc,Soft green plants beside the water,水边柔软的绿色水草,,,,,,
Water Reed,Water Reed,水草,,,,,,
Water Reed Desc,Soft green plants beside the water,水边柔软的绿色水草,,,,,,
WeatherButton,Weather (W),天气 (W),天气,날씨,Погода,Météo,El tiempo,天気
Wetland,Wetland,湿地,,,,,,
Wetland Flower,Wetland Flower,湿地小花,,,,,,
Wetland Flower Desc,A flower growing in wet soil,湿润泥土中的花,,,,,,
Wheat Ear,Wheat Ear,麦穗,,,,,,
Wheat Ear Desc,Golden wheat swaying in the wind,金色麦穗轻轻摇晃,,,,,,
Wheat Jar,Wheat Jar,麦罐,,,,,,
Wheat Jar Desc,A jar filled with golden wheat,装着丰收麦子的罐子,,,,,,
Whether to purchase?,Confirm your purchase,是否购买？,是否購買？,,,,,
Whistle,Whistle,口哨,,,,,,
White Reed,White Reed,白色芦苇,,,,,,
White Reed Desc,White reeds moving by the shore,海岸轻摇的芦苇,,,,,,
White Reeds,White Reeds,,,,,,,
White Reeds Desc,,,,,,,,
White Wildflower,Wildflower,白野花,,,,,,
White Wildflower Desc,A wild flower blooming in the woods,林间悄然盛开的野花,,,,,,
White-rumped Shama,White-rumped Shama,白腰鹊鸲,,,,,,
White-rumped Shama Desc,"A tiny coastal singer with a bright voice and elegant tail, hopping near",海边的小歌者，尾巴优雅，在礁石间跳跃，用轻柔歌声陪伴海风与浪声。,,,,,,
Wild Berry,Wild Berry,小草莓,,,,,,
Wild Berry Desc,Red berries hidden in grass,躲藏在草丛中的小草莓,,,,,,
Wild Bloom,Wild Bloom,白野花,,,,,,
Wild Bloom Desc,A wild flower blooming in the woods,林间悄然盛开的野花,,,,,,
Wild Goose,Wild Goose,鸿雁,,,,,,
Wild Goose Desc,"A traveler of the sky, flying in formation across long distances, calm",在天空远行的鸟，成群飞行，坚定又安静，带着远方与旅途的感觉。,,,,,,
Wild Strawberry,Red Pal,小草莓,,,,,,
Wild Strawberry Desc,Red berries hidden in grass,躲藏在草丛中的小草莓,,,,,,
Wild goose,Wild Goose,鸿雁,,,,,,
Wind,Wind,刮风,,,,,,
Wind Chime,Wind Chime,风铃,,,,,,
Wind Chime Desc,A wind chime singing in soft breeze,微风带来清脆铃声,,,,,,
Wind Volume,Wind Volume,雾天音量,,,,,,
Windmill,Windmill,风车,,,,,,
Windmill Desc,A windmill turning in open fields,风吹转动的田野风车,,,,,,
Windowed,Windowed,窗口模式,窗口模式,Fenstermodus,Em janela,La fenêtre,Ventaneado,Finestrato
Withered Flower,Faded Bloom,枯萎小花,,,,,,
Withered Flower Desc,A withered flower beside cold stone,风干在岩边的小花,,,,,,
Yellow-browed Bunting,Yellow-browed Bunting,黄鹀,,,,,,
Yellow-browed Bunting Desc,"A gentle yellow bird resting among rice stalks, softly moving and watching,",停在稻穗间的小鸟，颜色温暖，轻轻活动，为田野增添柔和气息。,,,,,,
arabian bustard,,阿拉伯鹳亚种,,,,,,
arabian bustardDescription,A coastal desert wanderer with a striking black- and-white body and bright,海岸荒漠的旅者，黑白相间的羽色与红喙。捕食贝类，象征灵活与精准的生存智慧。,,,,,,
can buy,Buy one？,买一个？,,,,,,
canEnter,type,输入,,,,,,
click/press,click/press,点击/长按,,,,,,
cockatielDescription,"With a tuft of yellow feathers like a tiny crown, this little forest",顶着一撮小黄毛，像戴着小皇冠的森林小精灵。性格乖巧又爱黏人，还会学人说话，陪伴感满满。,頂著一撮小黃毛，像戴著小皇冠的森林小精靈。性格乖巧又愛黏人，還會學人說話，陪伴感滿滿。,"""\uD638\uC8FC \uC6D0\uC0B0\uC758 \uC791\uC740 \uD638\uBC15\uC0C8\uB294","""\u041A\u043E\u043A\u043E\u0441\u0430 \u044F\u0432\u043B\u044F\u0435\u0442\u0441\u044F","""Le perruche est un petit perroquet amical originaire d'Australie. Renomm\xE9","""El cacat\xFAa es un peque\xF1o y amistoso loro nativo de Australia.",cockatielはオーストラリア原産の小型な親鳥で、友好的にして知られていた。冠と啄み声で有名で、世界中で人気のあるペットでもある。
cockatielHabitat,"Loves roaming around the grasslands and farmlands of Australia, and can",最喜欢在澳洲的大草原和农田边转悠，干燥的地方也能自在生活。,最喜歡在澳洲的大草原和農田邊轉悠，乾燥的地方也能自在生活。,"""\uD638\uC8FC \uC804\uC5ED\uC5D0 \uC788\uB294 \uC5F4\uB300\uC6B0\uB9BC,","""\u041A\u043E\u043A\u043E\u0441\u0438 \u0445\u0430\u0440\u0430\u043A\u0442\u0435\u0440\u0438\u0437\u0443\u044E\u0442\u0441\u044F","""Les cockatiels habitent les bois ouverts, les landes et les savanes","Los cataleyas habitan bosques abiertos, zonas de malezas y sabanas en",（コックアチールは、オーストラリアの開けた林野、スクラブランド、サバナに住み着きます。水源近くを好む傾向があります。草原や農地にも適応することができます。）
coin,coin,金币,,,,,,
customName,Name,名字,,,,,,
diaryEnterKey,Today I...,今天...,,,,,,
diarySwitch,Diary,日记,日記,,,,,
drag,drag,拖拽,,,,,,
equip,Equip,装备,,,,,,
equipped,Equipped,已装备,,,,,,
hasbuy,,,,,,,,
min,min,分钟,,,,,,
new egg,new egg,新的蛋,,,,,,
owl,Pharaoh Eagle-Owl,雕鸮,,,,,,
resize,resize,缩放,,,,,,
todoSwitch,To-do list,待办事项,待辦事項,,,,,
· Minute-earning,Minute-earning,分钟收入,• 分鐘賺金,· 1분이익,Минутная заработка,Gain minuteux,Rendimiento-minuto,分間収入
· Price for selling,Release Reward,放飞奖励,• 售價,· 가격으로 판매,Цена за продажу,Prix pour la vente,Preciada para la venta,価格
· Reality,Rarity,稀有度,• 稀有度,· 희귀도,Реальность,Réalité,Realidad,レア度
